{"cameraMode":{"drawMode":0,"name":"Shaded","section":"Shading Mode"},"sceneLighting":false,"audioPlay":false,"sceneViewState":{"showFog":true,"showMaterialUpdate":false,"showSkybox":false,"showFlares":true,"showImageEffects":true,"showParticleSystems":true},"in2DMode":false,"pivot":{"x":0.05622401833534241,"y":-0.3280075192451477,"z":0.3285841941833496},"rotation":{"x":-0.1327657699584961,"y":0.5284278988838196,"z":-0.08409028500318527,"w":-0.8343082070350647},"size":0.6170952320098877,"orthographic":false}