{"cameraMode":{"drawMode":0,"name":"Shaded","section":"Shading Mode"},"sceneLighting":true,"audioPlay":false,"sceneViewState":{"showFog":true,"showMaterialUpdate":false,"showSkybox":false,"showFlares":true,"showImageEffects":true,"showParticleSystems":true},"in2DMode":false,"pivot":{"x":0.48630714416503909,"y":2.057999610900879,"z":1.092900276184082},"rotation":{"x":-0.1327657699584961,"y":0.5284278988838196,"z":-0.08409028500318527,"w":-0.8343082070350647},"size":0.5554615259170532,"orthographic":false}