{"cameraMode":{"drawMode":0,"name":"Shaded","section":"Shading Mode"},"sceneLighting":true,"audioPlay":false,"sceneViewState":{"showFog":true,"showMaterialUpdate":false,"showSkybox":true,"showFlares":true,"showImageEffects":true,"showParticleSystems":true},"in2DMode":false,"pivot":{"x":-0.313474178314209,"y":2.0572309494018556,"z":-2.0308327674865724},"rotation":{"x":-0.1327657699584961,"y":0.5284278988838196,"z":-0.08409028500318527,"w":-0.8343082070350647},"size":3.353487730026245,"orthographic":false}